,Name,Lat,Long,Patronage,Type
0,Aircraft,-37.86660595,144.7608094,234300,Unstaffed
1,Alamein,-37.86832039,145.0796557,91500,Unstaffed
2,Albion,-37.77765281,144.8247036,433100,Staffed
3,Albury,-36.084263,146.924518,73450,Staffed
4,Alphington,-37.77839363,145.0312549,244050,Unstaffed
5,Altona,-37.8671476,144.8296447,260350,Unstaffed
6,Anstey,-37.76124203,144.960684,358900,Unstaffed
7,Ararat,-37.282202,142.936912,50350,Staffed
8,Ardeer,-37.783063,144.802193,78950,Unstaffed
9,Armadale,-37.85645238,145.0193255,413300,Staffed
10,Ascot Vale,-37.77530609,144.9218207,474300,Staffed
11,Ashburton,-37.86196753,145.0813438,194250,Staffed
12,Aspendale,-38.02722019,145.1021496,156950,Unstaffed
13,Auburn,-37.82239831,145.0458437,626150,Staffed
14,Avenel,-36.893644,145.229517,1400,Unstaffed
15,Bacchus Marsh,-37.687517,144.436857,334450,Staffed
16,Bairnsdale,-37.828717,147.627615,49800,Staffed
17,Balaclava,-37.86948773,144.9935121,787700,Staffed
18,Ballan,-37.6043,144.225443,85950,Staffed
19,Ballarat,-37.55879,143.859452,604350,Interchange
20,Batman,-37.73352285,144.9628406,222650,Unstaffed
21,Baxter,-38.19404306,145.1605261,2550,Unstaffed
22,Bayswater,-37.84173004,145.2681364,385400,Staffed
23,Beaconsfield,-38.05083135,145.3660737,174000,Unstaffed
24,Beaufort,-37.427875,143.382233,8300,Unstaffed
25,Belgrave,-37.9091021,145.3552913,223050,Staffed
26,Bell,-37.74556212,145.000155,385100,Staffed
27,Benalla,-36.544549,145.983914,28200,Staffed
28,Bendigo,-36.765673,144.283012,456400,Interchange
29,Bentleigh,-37.91742457,145.0369951,509100,Staffed
30,Berwick,-38.04040829,145.3457261,948200,Staffed
31,Birregurra,-38.328807,143.78362,3200,Unstaffed
32,Bittern,-38.33739032,145.1780265,7850,Unstaffed
33,Blackburn,-37.82007075,145.1500135,1230050,Staffed
34,Bonbeach,-38.06294478,145.1196804,134500,Unstaffed
35,Boronia,-37.8604518,145.2843851,380550,Staffed
36,Box Hill,-37.81922165,145.1214289,2535000,Staffed
37,Brighton Beach,-37.92648432,144.9891536,393350,Staffed
38,Broadford,-37.207202,145.043009,44250,Staffed
39,Broadmeadows,-37.68304926,144.9196132,874950,Interchange
40,Brunswick,-37.76772055,144.9595865,326950,Unstaffed
41,Bunyip,-38.09911,145.720762,13800,Unstaffed
42,Burnley,-37.82756022,145.0075551,730000,Interchange
43,Burwood,-37.85156328,145.0805111,214050,Unstaffed
44,Camberwell,-37.82656714,145.0586972,1241500,Interchange
45,Camperdown,-38.2289,143.150932,14450,Staffed
46,Canterbury,-37.82448518,145.0812242,246900,Unstaffed
47,Cardinia Road,-38.07129047,145.437791,360500,Unstaffed
48,Carnegie,-37.88624148,145.0585751,993800,Staffed
49,Caroline Springs,-37.766144,144.735748,282150,Staffed
50,Carrum,-38.07489292,145.1224183,322800,Staffed
51,Castlemaine,-37.062836,144.213801,214300,Staffed
52,Caulfield,-37.87745946,145.0425248,2909850,Interchange
53,Chatham,-37.82429952,145.0886479,175600,Unstaffed
54,Chelsea,-38.05195538,145.1160413,340500,Unstaffed
55,Cheltenham,-37.96664989,145.0545579,629500,Staffed
56,Chiltern,-36.155634,146.61138,5500,Unstaffed
57,Clarkefield,-37.483497,144.745368,31550,Staffed
58,Clayton,-37.92468255,145.1205344,1535450,Interchange
59,Clifton Hill,-37.78865745,144.9954167,779150,Interchange
60,Clunes,-37.303143,143.781574,1850,Unstaffed
61,Cobblebank,-37.712542,144.604103,278050,Staffed
62,Coburg,-37.74234502,144.9633363,498850,Staffed
63,Colac,-38.343378,143.586658,27050,Staffed
64,Collingwood,-37.80452593,144.9937497,488050,Unstaffed
65,Coolaroo,-37.66100253,144.9260556,253750,Unstaffed
66,Corio,-38.072835,144.37977,29300,Unstaffed
67,Craigieburn,-37.6018169,144.9433203,1418700,Interchange
68,Cranbourne,-38.09953731,145.280599,949900,Staffed
69,Creswick,-37.424605,143.888122,1300,Unstaffed
70,Crib Point,-38.36612338,145.2040433,7150,Unstaffed
71,Croxton,-37.764101,144.9970562,228050,Unstaffed
72,Croydon,-37.79543697,145.2805978,288100,Staffed
73,Dandenong,-37.98996792,145.2097254,2073300,Interchange
74,Darebin,-37.77496341,145.038476,102800,Unstaffed
75,Darling,-37.86895684,145.0629508,282750,Staffed
76,Deer Park,-37.77776,144.772307,518750,Staffed
77,Dennis,-37.77918729,145.0082416,247400,Unstaffed
78,Diamond Creek,-37.67329744,145.1585062,128950,Unstaffed
79,Diggers Rest,-37.62701651,144.7199224,173850,Unstaffed
80,Dingee,-36.369235,144.23112,350,Unstaffed
81,Donnybrook,-37.542571,144.96955,125550,Unstaffed
82,Drouin,-38.136453,145.855943,87600,Staffed
83,Eaglehawk,-36.718528,144.248382,3100,Unstaffed
84,Eaglemont,-37.76358553,145.0539427,111200,Unstaffed
85,East Camberwell,-37.82589419,145.0681902,176350,Unstaffed
86,East Malvern,-37.87693002,145.069393,335300,Staffed
87,East Pakenham,-38.084284,145.506311,3700,Unstaffed
88,East Richmond,-37.82639995,144.9970657,537300,Unstaffed
89,Echuca,-36.130985,144.753463,28800,Staffed
90,Edithvale,-38.03805602,145.1085355,186300,Unstaffed
91,Elmore,-36.495017,144.607753,1900,Unstaffed
92,Elsternwick,-37.88475311,145.0008979,797050,Staffed
93,Eltham,-37.71354967,145.147822,387550,Staffed
94,Epping,-37.65238715,145.0301217,725350,Staffed
95,Epsom,-36.706343,144.321036,6600,Unstaffed
96,Essendon,-37.7560117,144.9161975,1312800,Staffed
97,Euroa,-36.749135,145.568086,6900,Unstaffed
98,Fairfield,-37.77917126,145.0169053,444550,Staffed
99,Fawkner,-37.71462129,144.960545,147500,Unstaffed
100,Ferntree Gully,-37.88169799,145.2952513,269950,Staffed
101,Flagstaff,-37.81198131,144.9556538,3435300,Interchange
102,Flemington Bridge,-37.78813995,144.9393233,252700,Unstaffed
103,Flemington Racecourse,-37.78720192,144.9075887,134250,Unstaffed
104,Flinders Street,-37.81830513,144.9669643,20345200,Interchange
105,Footscray,-37.80108298,144.9031992,4365800,Interchange
106,Frankston,-38.14299007,145.1261623,997450,Interchange
107,Gardenvale,-37.89669508,145.0041684,396750,Unstaffed
108,Gardiner,-37.85327908,145.0516547,399250,Unstaffed
109,Garfield,-38.09103,145.67422,18950,Unstaffed
110,Geelong,-38.144241,144.354992,969600,Staffed
111,Ginifer,-37.75751083,144.8095734,650350,Unstaffed
112,Gisborne,-37.458825,144.598718,129100,Staffed
113,Glen Iris,-37.85930842,145.0582249,268850,Unstaffed
114,Glen Waverley,-37.87950407,145.1620575,1326650,Staffed
115,Glenbervie,-37.74720985,144.9209387,263100,Unstaffed
116,Glenferrie,-37.82146682,145.0364388,1996050,Staffed
117,Glenhuntly,-37.88971946,145.0422229,524650,Unstaffed
118,Glenroy,-37.70453633,144.9172204,758850,Staffed
119,Goornong,-36.615181,144.503478,2150,Unstaffed
120,Gowrie,-37.700678,144.9588743,231100,Staffed
121,Greensborough,-37.70395408,145.1082474,411400,Staffed
122,Hallam,-38.01774038,145.2697768,551600,Unstaffed
123,Hampton,-37.93797681,145.0014706,493950,Unstaffed
124,Hartwell,-37.84398457,145.0755596,132400,Unstaffed
125,Hastings,-38.30565853,145.1859799,14300,Unstaffed
126,Hawksburn,-37.84459087,145.0021421,378250,Unstaffed
127,Hawkstowe,-37.622992,145.097396,184850,Staffed
128,Hawthorn,-37.82182601,145.0228987,523950,Unstaffed
129,Heathcote Junction,-37.371709,145.028202,5200,Unstaffed
130,Heatherdale,-37.81889537,145.2127872,406400,Staffed
131,Heathmont,-37.82832227,145.2445554,150050,Unstaffed
132,Heidelberg,-37.75707293,145.0606855,702150,Staffed
133,Heyington,-37.83467244,145.0226353,185750,Unstaffed
134,Highett,-37.948425,145.0418718,345050,Unstaffed
135,Holmesglen,-37.87440222,145.090662,396900,Staffed
136,Hoppers Crossing,-37.88327618,144.7009549,897300,Staffed
137,Hughesdale,-37.89488129,145.0776351,548700,Unstaffed
138,Huntingdale,-37.91101734,145.1023643,1391450,Staffed
139,Huntly,-36.665847,144.369821,1000,Unstaffed
140,Hurstbridge,-37.63939817,145.1920169,82350,Staffed
141,Ivanhoe,-37.76889674,145.0454252,597750,Staffed
142,Jacana,-37.69513079,144.9158505,215600,Unstaffed
143,Jewell,-37.77498702,144.9587169,349050,Unstaffed
144,Jolimont,-37.81652702,144.9840983,1027200,Staffed
145,Jordanville,-37.87360339,145.1120902,386400,Unstaffed
146,Kananook,-38.12174203,145.1352953,173700,Unstaffed
147,Kangaroo Flat,-36.794838,144.248993,77650,Staffed
148,Keilor Plains,-37.72927934,144.7937381,614000,Unstaffed
149,Kensington,-37.79378022,144.9305244,435300,Unstaffed
150,Keon Park,-37.69487012,145.0118838,133550,Unstaffed
151,Kerang,-35.733123,143.92443,7600,Unstaffed
152,Kilmore East,-37.293208,144.983565,54200,Staffed
153,Kooyong,-37.83992894,145.0335516,257850,Unstaffed
154,Kyneton,-37.258277,144.450602,123500,Staffed
155,Laburnum,-37.82078023,145.1407027,291150,Unstaffed
156,Lalor,-37.66585075,145.0171932,446900,Unstaffed
157,Lara,-38.022428,144.414402,320400,Staffed
158,Laverton,-37.86369404,144.7726167,912600,Interchange
159,Leawarra,-38.152034,145.139534,5150,Unstaffed
160,Lilydale,-37.75551777,145.3477102,410150,Staffed
161,Little River,-37.962928,144.498485,15800,Unstaffed
162,Longwarry,-38.110992,145.76686,14900,Unstaffed
163,Lynbrook,-38.05734118,145.2492751,393250,Unstaffed
164,Macaulay,-37.79426673,144.9361663,279350,Unstaffed
165,Macedon,-37.423577,144.561397,42000,Unstaffed
166,Macleod,-37.7260123,145.0691433,382150,Staffed
167,Malmsbury,-37.189744,144.375325,17550,Unstaffed
168,Malvern,-37.8662533,145.0292939,612550,Staffed
169,Marshall,-38.19855,144.355055,151600,Staffed
170,Maryborough,-37.050912,143.742399,9450,Staffed
171,Mckinnon,-37.91030903,145.038299,307050,Unstaffed
172,Melbourne Central,-37.80993877,144.9625935,11176650,Interchange
173,Melton,-37.703362,144.572217,761300,Staffed
174,Mentone,-37.9818654,145.0651659,670400,Staffed
175,Merinda Park,-38.07900048,145.2635114,510450,Unstaffed
176,Merlynston,-37.72093389,144.9613135,257800,Unstaffed
177,Mernda,-37.602549,145.100883,710550,Staffed
178,Merri,-37.77784668,144.9929725,146100,Unstaffed
179,Middle Brighton,-37.91513441,144.9962991,526150,Staffed
180,Middle Footscray,-37.8025047,144.8914721,201800,Unstaffed
181,Middle Gorge,-37.644062,145.09214,203450,Staffed
182,Mitcham,-37.81800987,145.1919735,833250,Staffed
183,Moe,-38.176907,146.260574,98050,Staffed
184,Montmorency,-37.71529624,145.1215157,192650,Unstaffed
185,Moonee Ponds,-37.76570666,144.9191607,759550,Staffed
186,Moorabbin,-37.93435329,145.0367383,524250,Staffed
187,Mooroolbark,-37.78474883,145.3124024,465850,Staffed
188,Mooroopna,-36.399127,145.358217,4900,Unstaffed
189,Mordialloc,-38.00658295,145.0876594,538700,Staffed
190,Moreland,-37.75448484,144.961823,268250,Unstaffed
191,Morradoo,-38.35403334,145.1896025,3600,Unstaffed
192,Morwell,-38.236723,146.396752,90350,Staffed
193,Mount Waverley,-37.87525526,145.1280557,652600,Staffed
194,Murchison East,-36.61315,145.24064,7850,Unstaffed
195,Murrumbeena,-37.89019832,145.0673749,714250,Staffed
196,Nagambie,-36.78546,145.160358,4550,Unstaffed
197,Nar Nar Goon,-38.08159,145.57167,6950,Unstaffed
198,Narre Warren,-38.02780932,145.3039694,268150,Staffed
199,Newmarket,-37.78732767,144.9289785,598050,Unstaffed
200,Newport,-37.84271757,144.8835999,1231700,Interchange
201,Noble Park,-37.96723193,145.1769357,1001850,Staffed
202,North Brighton,-37.90488721,145.002605,524650,Staffed
203,North Geelong,-38.122836,144.352277,320200,Staffed
204,North Melbourne,-37.80630984,144.9415102,1220400,Interchange
205,North Richmond,-37.81039836,144.9925003,609400,Unstaffed
206,North Shore,-38.098373,144.365323,84150,Unstaffed
207,North Williamstown,-37.85733348,144.8890695,260900,Unstaffed
208,Northcote,-37.76986537,144.9952772,278000,Unstaffed
209,Nunawading,-37.82060317,145.1748917,672750,Staffed
210,Oak Park,-37.71794973,144.9215188,437000,Unstaffed
211,Oakleigh,-37.90037214,145.0883079,1555100,Staffed
212,Officer,-38.06614572,145.4109872,163300,Unstaffed
213,Ormond,-37.90321167,145.0396134,456750,Staffed
214,Pakenham,-38.08061397,145.4863791,451700,Interchange
215,Parkdale,-37.99307882,145.0763268,69450,Unstaffed
216,Parliament,-37.81105406,144.9729109,5862900,Interchange
217,Pascoe Vale,-37.73075596,144.9281956,530800,Unstaffed
218,Patterson,-37.92514919,145.03547,248350,Unstaffed
219,Prahran,-37.84951848,144.9898599,893300,Staffed
220,Preston,-37.73867424,145.000522,568750,Staffed
221,Pyramid,-36.053113,144.11313,2750,Unstaffed
222,Raywood,-36.531956,144.201158,850,Unstaffed
223,Regent,-37.72840277,145.0027726,369000,Unstaffed
224,Reservoir,-37.71688492,145.0069958,852650,Staffed
225,Richmond,-37.82407446,144.9901643,3722400,Interchange
226,Riddells Creek,-37.465127,144.679828,58150,Staffed
227,Ringwood,-37.81588648,145.2289685,1606950,Interchange
228,Ringwood East,-37.81196804,145.2501909,213500,Unstaffed
229,Ripponlea,-37.87590643,144.9952366,487100,Staffed
230,Riversdale,-37.83150543,145.069646,146100,Unstaffed
231,Rochester,-36.362363,144.698683,5200,Unstaffed
232,Rockbank,-37.729258,144.65063,328050,Unstaffed
233,Rosanna,-37.7428786,145.0661403,505100,Staffed
234,Rosedale,-38.156403,146.786965,2550,Unstaffed
235,Roxburgh Park,-37.63823121,144.9354037,512350,Unstaffed
236,Royal Park,-37.78119293,144.9523013,304600,Unstaffed
237,Rushall,-37.78321711,144.9924071,119850,Unstaffed
238,Ruthven,-37.70789754,145.0095166,302050,Unstaffed
239,Sale,-38.103105,147.054802,27650,Staffed
240,Sandown Park,-37.95650457,145.1628259,421450,Unstaffed
241,Sandringham,-37.95033018,145.0045614,786850,Staffed
242,Seaford,-38.10402104,145.1282304,308950,Unstaffed
243,Seaholme,-37.86784231,144.8409577,86500,Unstaffed
244,Seddon,-37.80900514,144.8956716,381350,Unstaffed
245,Seymour,-37.024725,145.137733,133200,Interchange
246,Shepparton,-36.383795,145.4065,74300,Staffed
247,Sherwood Park,-38.386396,142.538873,3600,Unstaffed
248,Showgrounds,-37.7835,144.915,138000,Unstaffed
249,Somerville,-38.22534196,145.1762449,7400,Unstaffed
250,South Geelong,-38.15866,144.358987,294500,Staffed
251,South Kensington,-37.79953087,144.925469,304650,Unstaffed
252,South Morang,-37.6491588,145.0670324,534400,Staffed
253,South Yarra,-37.83844935,144.9923422,3100250,Interchange
254,Southern Cross,-37.81793643,144.9514112,19944650,Interchange
255,Southland,-37.958758,145.049124,432800,Unstaffed
256,Spotswood,-37.83063888,144.8859335,294100,Unstaffed
257,Springhurst,-36.185894,146.470421,2700,Unstaffed
258,Springvale,-37.94950878,145.1534518,1473100,Staffed
259,St Albans,-37.74486131,144.8000505,1022200,Staffed
260,Stony Point,-38.37423454,145.2218375,6700,Unstaffed
261,Stratford,-37.967047,147.081468,4050,Unstaffed
262,Strathmore,-37.74359132,144.9273157,299900,Unstaffed
263,Sunbury,-37.57909097,144.7273188,690850,Interchange
264,Sunshine,-37.78853633,144.8328782,1830400,Interchange
265,Swan Hill,-35.341113,143.562347,48600,Staffed
266,Syndal,-37.87622963,145.1497805,682000,Staffed
267,Talbot,-37.172902,143.705635,850,Unstaffed
268,Tallarook,-37.092332,145.103002,5700,Unstaffed
269,Tarneit,-37.832169,144.694716,1495450,Staffed
270,Tecoma,-37.90811849,145.3429946,43350,Unstaffed
271,Terang,-38.236215,142.911467,8950,Unstaffed
272,Thomastown,-37.68033809,145.0142789,635600,Staffed
273,Thornbury,-37.75505179,144.9985715,372350,Unstaffed
274,Toorak,-37.85077381,145.0139086,363150,Unstaffed
275,Tooronga,-37.84936553,145.0417337,467850,Staffed
276,Tottenham,-37.7992509,144.8629449,422000,Unstaffed
277,Trafalgar,-38.207239,146.15477,39700,Unstaffed
278,Traralgon,-38.198889,146.537884,145200,Staffed
279,Tyabb,-38.259815,145.1864007,3250,Unstaffed
280,Tynong,-38.084994,145.628231,5100,Unstaffed
281,Union,-37.823477,145.1000368,512800,Staffed
282,Upfield,-37.66607779,144.9467399,275250,Staffed
283,Upper Ferntree Gully,-37.8926717,145.3075302,155150,Staffed
284,Upwey,-37.90369097,145.3313334,92050,Unstaffed
285,Victoria Park,-37.79915782,144.9944514,615100,Unstaffed
286,Violet Town,-36.638817,145.715926,2800,Unstaffed
287,Wallan,-37.416534,145.005354,118800,Staffed
288,Wandong,-37.354676,145.026414,16300,Unstaffed
289,Wangaratta,-36.355102,146.317041,51900,Staffed
290,Warragul,-38.165227,145.932675,136100,Staffed
291,Warrnambool,-38.385015,142.475547,98300,Staffed
292,Watergardens,-37.70112872,144.7741805,1258850,Interchange
293,Watsonia,-37.71095798,145.0837934,434900,Staffed
294,Wattle Glen,-37.66396792,145.1816145,30100,Unstaffed
295,Waurn Ponds,-38.21581,144.30682,230950,Staffed
296,Wendouree,-37.539713,143.820062,162450,Staffed
297,Werribee,-37.89937805,144.661118,1085250,Staffed
298,West Footscray,-37.8018087,144.8853248,522700,Unstaffed
299,West Richmond,-37.81494896,144.9914228,396750,Unstaffed
300,Westall,-37.93849121,145.1388326,665850,Staffed
301,Westgarth,-37.7806207,144.9992332,195700,Unstaffed
302,Westona,-37.86516348,144.8134936,222100,Unstaffed
303,Williams Landing,-37.86986533,144.7474447,1359750,Staffed
304,Williamstown,-37.86775292,144.9053233,143650,Staffed
305,Williamstown Beach,-37.86398189,144.8944837,158900,Unstaffed
306,Willison,-37.83571565,145.0702976,75100,Unstaffed
307,Winchelsea,-38.240133,143.984137,4700,Staffed
308,Windsor,-37.85605308,144.9920352,601350,Staffed
309,Wodonga,-36.105829,146.871267,54750,Staffed
310,Woodend,-37.358803,144.525893,135150,Staffed
311,Wyndham Vale,-37.872884,144.608734,919500,Staffed
312,Yarragon,-38.203155,146.063065,13150,Unstaffed
313,Yarraman,-37.97825454,145.1916003,275650,Unstaffed
314,Yarraville,-37.81585044,144.8899337,794400,Staffed
